{
  "main": {
    "id": "31bc148f68ee4f88",
    "type": "split",
    "children": [
      {
        "id": "6d5bb9ac768bb987",
        "type": "tabs",
        "children": [
          {
            "id": "ab4ee5379f0e4999",
            "type": "leaf",
            "state": {
              "type": "markdown",
              "state": {
                "file": "Scénario/Scénario, idées de départ.md",
                "mode": "source",
                "source": false
              },
              "icon": "lucide-file",
              "title": "Scénario, idées de départ"
            }
          },
          {
            "id": "cf786f2feb18683b",
            "type": "leaf",
            "state": {
              "type": "markdown",
              "state": {
                "file": "Scénario/Actes.md",
                "mode": "source",
                "source": false
              },
              "icon": "lucide-file",
              "title": "Actes"
            }
          },
          {
            "id": "44b03abd86e5726e",
            "type": "leaf",
            "state": {
              "type": "markdown",
              "state": {
                "file": "Lore/Religions.md",
                "mode": "source",
                "source": false
              },
              "icon": "lucide-file",
              "title": "Religions"
            }
          },
          {
            "id": "a625c034e215d3cf",
            "type": "leaf",
            "state": {
              "type": "markdown",
              "state": {
                "file": "Brainstorm.md",
                "mode": "source",
                "backlinks": false,
                "source": false
              },
              "icon": "lucide-file",
              "title": "Brainstorm"
            }
          }
        ],
        "currentTab": 3
      }
    ],
    "direction": "vertical"
  },
  "left": {
    "id": "4f1738c0e1197c49",
    "type": "split",
    "children": [
      {
        "id": "02db72d6ac9dc6f4",
        "type": "tabs",
        "children": [
          {
            "id": "e368f6660527190c",
            "type": "leaf",
            "state": {
              "type": "file-explorer",
              "state": {
                "sortOrder": "alphabetical"
              },
              "icon": "lucide-folder-closed",
              "title": "Files"
            }
          },
          {
            "id": "4c4b1d2149a512ba",
            "type": "leaf",
            "state": {
              "type": "search",
              "state": {
                "query": "",
                "matchingCase": false,
                "explainSearch": false,
                "collapseAll": false,
                "extraContext": false,
                "sortOrder": "alphabetical"
              },
              "icon": "lucide-search",
              "title": "Search"
            }
          },
          {
            "id": "ba36d507fd42738d",
            "type": "leaf",
            "state": {
              "type": "bookmarks",
              "state": {},
              "icon": "lucide-bookmark",
              "title": "Bookmarks"
            }
          }
        ]
      }
    ],
    "direction": "horizontal",
    "width": 300
  },
  "right": {
    "id": "bf03de4c8549be48",
    "type": "split",
    "children": [
      {
        "id": "2a87b5d222d5daf5",
        "type": "tabs",
        "children": [
          {
            "id": "7e463574479f3943",
            "type": "leaf",
            "state": {
              "type": "backlink",
              "state": {
                "file": "Lore/Race intelligente.md",
                "collapseAll": false,
                "extraContext": false,
                "sortOrder": "alphabetical",
                "showSearch": false,
                "searchQuery": "",
                "backlinkCollapsed": false,
                "unlinkedCollapsed": true
              },
              "icon": "links-coming-in",
              "title": "Backlinks for Race intelligente"
            }
          },
          {
            "id": "2e058d29b3a9e9c7",
            "type": "leaf",
            "state": {
              "type": "outgoing-link",
              "state": {
                "file": "Lore/Race intelligente.md",
                "linksCollapsed": false,
                "unlinkedCollapsed": true
              },
              "icon": "links-going-out",
              "title": "Outgoing links from Race intelligente"
            }
          },
          {
            "id": "bfe53b3d8b94448e",
            "type": "leaf",
            "state": {
              "type": "tag",
              "state": {
                "sortOrder": "frequency",
                "useHierarchy": true
              },
              "icon": "lucide-tags",
              "title": "Tags"
            }
          },
          {
            "id": "d680289c6226992c",
            "type": "leaf",
            "state": {
              "type": "outline",
              "state": {
                "file": "Lore/Race intelligente.md"
              },
              "icon": "lucide-list",
              "title": "Outline of Race intelligente"
            }
          }
        ]
      }
    ],
    "direction": "horizontal",
    "width": 300,
    "collapsed": true
  },
  "left-ribbon": {
    "hiddenItems": {
      "switcher:Open quick switcher": false,
      "graph:Open graph view": false,
      "canvas:Create new canvas": false,
      "daily-notes:Open today's daily note": false,
      "templates:Insert template": false,
      "command-palette:Open command palette": false
    }
  },
  "active": "a625c034e215d3cf",
  "lastOpenFiles": [
    "Lore/Religions.md",
    "Lore/Race intelligente.md",
    "Lore/Les monstres.md",
    "Les Humains.md",
    "Lore/Situation geographique.md",
    "Scénario/Actes.md",
    "Univers/Univers.md",
    "Lore",
    "Scénario/Paragraphe.md",
    "Scénario/Phrase.md",
    "Scénario/Scénario, idées de départ.md",
    "Scénario/Idée general.md"
  ]
}